X,Y
0.459299,-0.337669
0.97095,-0.201956
0.863731,0.508103
0.837711,0.879751
0.531528,0.940534
0.312037,0.810967
0.154538,0.68001
-0.54778,0.989221
-0.257007,0.673133
-0.0135474,0.512095
-0.0564068,0.169834
-0.0457706,0.143669
0.233619,0.160937
-0.0417242,-0.0114806
-0.441534,0.0917158
-0.663351,0.144877
-0.75808,0.360274
-0.870714,0.509307
-0.965397,0.166357
-0.894478,-0.092985
-0.832092,-0.681482
-0.732392,-0.893041
-0.533686,-0.613414
-0.484213,-0.521464
-0.454497,-0.49727
0.00371557,-0.951432
0.35676,-0.803571
0.410058,-0.827986
0.552096,-0.957725
0.626571,-0.964115
0.426846,-0.776446
0.303909,-0.572297
0.372012,-0.261299
